...,473
some,86
"analysis,",43
watch,43
7,43
—,43
used,43
seconds),43
2016,43
two,43
us,43
serviceprivacy,43
android,473
question.,43
fetching,43
set,43
could,43
shortcuts,43
apps,86
acre,43
appears,43
launcher,86
bigquery,43
3,43
"analytics,",86
"database,",43
google+.,43
maps,43
code,215
assistant,43
sure,43
"williston,",43
›,86
by,129
firebase,43
phone,43
you,215
wallpaper.,43
new,43
"5,266",43
context,86
8,43
coding/engineering,43
extension.lasterror.,43
more,43
collection,43
realtime,43
there,43
add,43
https://github.com/googlesamples,43
can,86
was,86
·,129
automated,43
for,301
registered,43
how,86
table,86
interview,86
(location,43
contextmenus.create,43
filter,86
https://developer.android.com/samples/index.html,43
example,43
api,86
links,43
lists,43
"messaging,",86
in,473
api.,43
giving,43
they,86
contains,86
area,43
5,43
with,215
read,43
helpsend,43
district,43
android-testing.,43
7.1,43
given,43
count,43
uploaded,43
sample.js,43
filter_list,43
united,43
sampling,86
content,43
clips,129
be,86
https://developers.google.com/actions/samples/,43
days,43
"authentication,",86
2018,43
sampled,43
..,43
estimate,43
both,86
your,86
https://cloud.google.com/bigquery/sample-tables,43
analyzing,43
system.cpu,43
types,43
may,43
"states,",43
hamster,43
chrome,86
source,215
100-acre,43
project,43
demonstrate,43
free,86
next,43
roll,43
times,43
beginners,86
6,43
when,43
life,43
after,43
"natality,",43
images,86
feb,43
ndk,43
allows,43
practice,43
camera.,43
download,86
is,43
user,43
on,172
but,43
source.,43
subset,43
births,43
each,86
icon.,43
you'd,43
corpus.,43
different,43
use,129
updated,43
following,43
cloud,129
williston,43
actions,86
|,645
"7,",43
"columbia,",43
intents,43
data,215
support,43
city,43
"apps,",43
full,43
-,473
menus,86
searches,43
problem,43
"4,390,000",43
"admob,",43
"27,",43
our,172
states,43
system.display,43
index,43
studio,86
registering,43
github,43
the,903
displayed,43
fairly,43
system.storage,43
introduced,43
uncover,43
developers,86
see,86
https://developer.chrome.com/extensions/samples,43
demonstrating,43
language,43
long-presses,43
trees,129
syncfilesystem,43
apache-2.0,43
order,43
googleterms,43
precise,43
https://developer.chrome.com/apps/samples,43
word,86
samples,258
works,43
from,387
analytics,86
(0.46,43
video,215
feature(s),43
work,43
usb,43
1969,43
"invites,",86
https://www.theverge.com/.../google-clips-sample-images-and-video,43
app's,43
like,43
sample.,86
vt,43
"config,",86
and,301
"trigrams,",43
here,43
around,43
(api,43
are,129
where,86
9,43
testing.,43
https://firebase.google.com/docs/samples/,43
plat_unity.,43
vpnprovider,43
location,43
nov,43
engineers,43
architecture,43
of,602
"uniform,",43
1,86
search,43
tts,43
help,86
sample,860
examples,86
ago,43
an,86
describes,43
frameworks,43
extensions,43
dialogflow.,86
features,43
10,43
at,86
projects,172
24:02,43
english,43
that,86
york,43
(other),43
"example,",43
results,86
25).,43
statically,43
larger,43
4,43
java,43
set.,43
"1,919",43
all,86
application,43
a,430
appshortcuts.,43
if,43
to:,43
available,43
,533
as,43
this,129
calls:,43
define,43
2008.,43
mecha,43
game,43
cocos2d-x,43
policyreport,43
"shakespeare,",86
learn,43
about,86
demonstrates,43
https://www.youtube.com/watch?v=xku_sedaykw,43
mock,43
information,43
google▶,86
meaningful,43
number,129
remote,86
bug.,43
verge,43
system.network,43
"code,",43
shows,43
manifest.json,43
0:37,43
to,387
ios,86
customizable,43
directly,43
trigrams,43
techniques,43
2,86
"north,",43
share,43
tables,43
feedbackprivacyterms,43
wanted,43
files:,43
50,43
google,903
https://support.google.com,43
history),43
java.,43
which,43
distribution,43
"xml,",43
friends.,43
system.memory,43
related,43
